<?xml version="1.0"?>
<doc>
    <assembly>
        <name>Skybrud.Csv</name>
    </assembly>
    <members>
        <member name="T:Skybrud.Csv.CsvCell">
            <summary>
            Class representing a cell in an instance of <see cref="T:Skybrud.Csv.CsvFile"/>.
            </summary>
        </member>
        <member name="P:Skybrud.Csv.CsvCell.File">
            <summary>
            Gets a reference to the parent <see cref="T:Skybrud.Csv.CsvFile"/>.
            </summary>
        </member>
        <member name="P:Skybrud.Csv.CsvCell.Row">
            <summary>
            Gets a reference to the parent <see cref="T:Skybrud.Csv.CsvRow"/>.
            </summary>
        </member>
        <member name="P:Skybrud.Csv.CsvCell.Column">
            <summary>
            Gets a reference to the <see cref="T:Skybrud.Csv.CsvColumn"/> of the cell.
            </summary>
        </member>
        <member name="P:Skybrud.Csv.CsvCell.Value">
            <summary>
            Gets the string value of the cell.
            </summary>
        </member>
        <member name="M:Skybrud.Csv.CsvCell.AddRow">
            <summary>
            Adds a new row to the parent <see cref="T:Skybrud.Csv.CsvFile"/>.
            </summary>
            <returns>The added row.</returns>
        </member>
        <member name="M:Skybrud.Csv.CsvCell.AddCell(System.String)">
            <summary>
            Adds a new cell to the parent <see cref="T:Skybrud.Csv.CsvRow"/>.
            </summary>
            <param name="value">The value of the cell.</param>
            <returns>The cell row.</returns>
        </member>
        <member name="M:Skybrud.Csv.CsvCell.AsInt32">
            <summary>
            Gets the cell value as an instance of <see cref="T:System.Int32"/>.
            </summary>
            <returns>An instance of <see cref="T:System.Int32"/>.</returns>
        </member>
        <member name="M:Skybrud.Csv.CsvCell.AsInt64">
            <summary>
            Gets the cell value as an instance of <see cref="T:System.Int64"/>.
            </summary>
            <returns>An instance of <see cref="T:System.Int64"/>.</returns>
        </member>
        <member name="M:Skybrud.Csv.CsvCell.AsDouble">
            <summary>
            Gets the cell value as an instance of <see cref="T:System.Double"/>.
            </summary>
            <returns>An instance of <see cref="T:System.Double"/>.</returns>
        </member>
        <member name="T:Skybrud.Csv.CsvCellList">
            <summary>
            Class representing a list of cells in a CSV file.
            </summary>
        </member>
        <member name="P:Skybrud.Csv.CsvCellList.Row">
            <summary>
            Gets a reference back to the parent <see cref="T:Skybrud.Csv.CsvRow"/>.
            </summary>
        </member>
        <member name="P:Skybrud.Csv.CsvCellList.Count">
            <summary>
            Gets the number of cells contained in the row.
            </summary>
        </member>
        <member name="P:Skybrud.Csv.CsvCellList.Length">
            <summary>
            Alias of <see cref="P:Skybrud.Csv.CsvCellList.Count"/>.
            </summary>
        </member>
        <member name="P:Skybrud.Csv.CsvCellList.Item(System.Int32)">
            <summary>
            Gets the cell at the specified <paramref name="index"/>.
            </summary>
            <param name="index">The zero-based index of the cell to get.</param>
            <returns>An instance of <see cref="T:Skybrud.Csv.CsvColumn"/>.</returns>
        </member>
        <member name="M:Skybrud.Csv.CsvCellList.#ctor(Skybrud.Csv.CsvRow)">
            <summary>
            Initializes a new cell list for the specified <paramref name="row"/>.
            </summary>
            <param name="row">The parent row of the cells.</param>
        </member>
        <member name="M:Skybrud.Csv.CsvCellList.AddCell(Skybrud.Csv.CsvColumn,System.String)">
            <summary>
            Adds a new cell with the specified <paramref name="value"/>.
            </summary>
            <param name="column">The column header of the cell.</param>
            <param name="value">The value of the cell.</param>
            <returns>The added cell.</returns>
        </member>
        <member name="M:Skybrud.Csv.CsvCellList.GetEnumerator">
            <summary>
            Returns an enumerator that iterates through the <see cref="T:Skybrud.Csv.CsvCellList"/>.
            </summary>
            <returns>A <see cref="T:System.Collections.Generic.List`1.Enumerator"/> for the <see cref="T:Skybrud.Csv.CsvCellList"/>.</returns>
        </member>
        <member name="T:Skybrud.Csv.CsvColumn">
            <summary>
            Class representing a column in an instance of <see cref="T:Skybrud.Csv.CsvFile"/>.
            </summary>
        </member>
        <member name="P:Skybrud.Csv.CsvColumn.File">
            <summary>
            Gets a reference back to the parent <see cref="T:Skybrud.Csv.CsvFile"/>.
            </summary>
        </member>
        <member name="P:Skybrud.Csv.CsvColumn.Index">
            <summary>
            Gets the index of the column.
            </summary>
        </member>
        <member name="P:Skybrud.Csv.CsvColumn.Name">
            <summary>
            Gets the name of the column.
            </summary>
        </member>
        <member name="M:Skybrud.Csv.CsvColumn.AddColumn(System.String)">
            <summary>
            Adds a new column to the parent <see cref="T:Skybrud.Csv.CsvFile"/>.
            </summary>
            <param name="name">The name of the column.</param>
            <returns>The added column.</returns>
        </member>
        <member name="M:Skybrud.Csv.CsvColumn.AddRow">
            <summary>
            Adds a new row to the parent <see cref="T:Skybrud.Csv.CsvFile"/>.
            </summary>
            <returns>The added row.</returns>
        </member>
        <member name="T:Skybrud.Csv.CsvColumnList">
            <summary>
            Class representing a list of columns in a CSV file.
            </summary>
        </member>
        <member name="P:Skybrud.Csv.CsvColumnList.File">
            <summary>
            Gets a reference back to the parent <see cref="T:Skybrud.Csv.CsvFile"/>.
            </summary>
        </member>
        <member name="P:Skybrud.Csv.CsvColumnList.Count">
            <summary>
            Gets the number of columns contained in the list.
            </summary>
        </member>
        <member name="P:Skybrud.Csv.CsvColumnList.Length">
            <summary>
            Alias of <see cref="P:Skybrud.Csv.CsvColumnList.Count"/>.
            </summary>
        </member>
        <member name="P:Skybrud.Csv.CsvColumnList.Item(System.Int32)">
            <summary>
            Gets the column at the specified <paramref name="index"/>.
            </summary>
            <param name="index">The zero-based index of the column to get.</param>
            <returns>An instance of <see cref="T:Skybrud.Csv.CsvColumn"/>.</returns>
        </member>
        <member name="M:Skybrud.Csv.CsvColumnList.#ctor(Skybrud.Csv.CsvFile)">
            <summary>
            Initializes a new column list for the specified <paramref name="file"/>.
            </summary>
            <param name="file">The parent file of the column list.</param>
        </member>
        <member name="M:Skybrud.Csv.CsvColumnList.AddColumn(System.String)">
            <summary>
            Adds a new column with the specified <paramref name="name"/>.
            </summary>
            <param name="name">The name of the column.</param>
            <returns>The added column.</returns>
        </member>
        <member name="M:Skybrud.Csv.CsvColumnList.GetEnumerator">
            <summary>
            Returns an enumerator that iterates through the <see cref="T:Skybrud.Csv.CsvColumnList"/>.
            </summary>
            <returns>A <see cref="T:System.Collections.Generic.List`1.Enumerator"/> for the <see cref="T:Skybrud.Csv.CsvColumnList"/>.</returns>
        </member>
        <member name="T:Skybrud.Csv.CsvException">
            <summary>
            Exception class used throughout this package.
            </summary>
        </member>
        <member name="M:Skybrud.Csv.CsvException.#ctor(System.String)">
            <summary>
            Initializes a new exception with the specified <paramref name="message"/>.
            </summary>
            <param name="message">The error message.</param>
        </member>
        <member name="T:Skybrud.Csv.CsvFile">
            <summary>
            Class representing a CSV file parsed either from a file or a string.
            </summary>
        </member>
        <member name="F:Skybrud.Csv.CsvFile.DefaultSeparator">
            <summary>
            Gets the default CSV separator.
            </summary>
        </member>
        <member name="P:Skybrud.Csv.CsvFile.DefaultEncoding">
            <summary>
            Gets tghe default encoding.
            </summary>
        </member>
        <member name="P:Skybrud.Csv.CsvFile.Separator">
            <summary>
            Gets or sets the seperator used in the CSV file.
            </summary>
        </member>
        <member name="P:Skybrud.Csv.CsvFile.Encoding">
            <summary>
            Gets or sets the encoding used in the CSV file.
            </summary>
        </member>
        <member name="P:Skybrud.Csv.CsvFile.Path">
            <summary>
            Gets the path from where the CSV file was loaded.
            </summary>
        </member>
        <member name="P:Skybrud.Csv.CsvFile.HasPath">
            <summary>
            Gets whether this instance has a reference to the path the CSV file was loaded from.
            </summary>
        </member>
        <member name="P:Skybrud.Csv.CsvFile.Columns">
            <summary>
            Gets a list of the columns of the file.
            </summary>
        </member>
        <member name="P:Skybrud.Csv.CsvFile.Rows">
            <summary>
            Gets a list of the rows of the file.
            </summary>
        </member>
        <member name="M:Skybrud.Csv.CsvFile.#ctor">
            <summary>
            Initializes a new and empty CSV file.
            </summary>
        </member>
        <member name="M:Skybrud.Csv.CsvFile.#ctor(Skybrud.Csv.CsvSeparator)">
            <summary>
            Initializes an empty CSV file.
            </summary>
            <param name="separator">The separator to be used.</param>
        </member>
        <member name="M:Skybrud.Csv.CsvFile.#ctor(System.Text.Encoding)">
            <summary>
            Initializes an empty CSV file.
            </summary>
            <param name="encoding">The encoding to be used. If <c>null</c>, <see cref="P:Skybrud.Csv.CsvFile.DefaultEncoding"/> will be used instead.</param>
        </member>
        <member name="M:Skybrud.Csv.CsvFile.#ctor(Skybrud.Csv.CsvSeparator,System.Text.Encoding)">
            <summary>
            Initializes an empty CSV file.
            </summary>
            <param name="separator">The separator to be used.</param>
            <param name="encoding">The encoding to be used. If <c>null</c>, <see cref="P:Skybrud.Csv.CsvFile.DefaultEncoding"/> will be used instead.</param>
        </member>
        <member name="M:Skybrud.Csv.CsvFile.AddColumn(System.String)">
            <summary>
            Adds a new column to the file.
            </summary>
            <param name="name">The name of the column.</param>
            <returns>The added column.</returns>
        </member>
        <member name="M:Skybrud.Csv.CsvFile.AddRow">
            <summary>
            Adds a new row to the file.
            </summary>
            <returns>The added row.</returns>
        </member>
        <member name="M:Skybrud.Csv.CsvFile.ToString">
            <summary>
            Returns a string representation of the CSV file.
            </summary>
            <returns>A string representation of the CSV file.</returns>
        </member>
        <member name="M:Skybrud.Csv.CsvFile.ToString(Skybrud.Csv.CsvSeparator)">
            <summary>
            Returns a string representation of the CSV file, using the specified <paramref name="separator"/>.
            </summary>
            <param name="separator">The separator to be used.</param>
            <returns>A string representation of the CSV file.</returns>
        </member>
        <member name="M:Skybrud.Csv.CsvFile.Escape(System.String,System.Char)">
            <summary>
            Helper method for escaping special characters (eg. double quotes and line breaks). If the value contains
            any characters that should be escaped, the value will be enclosed with double quotes. The value will not be
            modified if it doesn't contain invalid characters.
            </summary>
            <param name="value">The value to be escaped.</param>
            <param name="separator">The column separator.</param>
            <returns>The escaped string.</returns>
        </member>
        <member name="M:Skybrud.Csv.CsvFile.Save">
            <summary>
            Saves the CSV file to it's original path.
            </summary>
            <returns>The original instance of <see cref="T:Skybrud.Csv.CsvFile"/>.</returns>
        </member>
        <member name="M:Skybrud.Csv.CsvFile.Save(System.String)">
            <summary>
            Saves the CSV file to the specified <paramref name="path"/>.
            </summary>
            <param name="path">The path to where the CSV file should be saved.</param>
            <returns>The original instance of <see cref="T:Skybrud.Csv.CsvFile"/>.</returns>
        </member>
        <member name="M:Skybrud.Csv.CsvFile.Save(System.String,Skybrud.Csv.CsvSeparator)">
            <summary>
            Saves the CSV file at the specified <paramref name="path"/>, using the specified
            <paramref name="separator"/> and <see cref="P:Skybrud.Csv.CsvFile.Encoding"/>.
            </summary>
            <param name="path">The path to where the CSV file should be saved.</param>
            <param name="separator">The separator to be used.</param>
            <returns>The original instance of <see cref="T:Skybrud.Csv.CsvFile"/>.</returns>
        </member>
        <member name="M:Skybrud.Csv.CsvFile.Save(System.String,System.Text.Encoding)">
            <summary>
            Saves the CSV file at the specified <paramref name="path"/>, using <see cref="P:Skybrud.Csv.CsvFile.Separator"/> and the
            specified <paramref name="encoding"/>.
            </summary>
            <param name="path">The path to where the CSV file should be saved.</param>
            <param name="encoding">The encoding to be used.</param>
            <returns>The original instance of <see cref="T:Skybrud.Csv.CsvFile"/>.</returns>
        </member>
        <member name="M:Skybrud.Csv.CsvFile.Save(System.String,Skybrud.Csv.CsvSeparator,System.Text.Encoding)">
            <summary>
            Saves the CSV file at the specified <paramref name="path"/>, using the specified
            <paramref name="separator"/> and <paramref name="encoding"/>.
            </summary>
            <param name="path">The path to where the CSV file should be saved.</param>
            <param name="separator">The separator to be used.</param>
            <param name="encoding">The encoding to be used.</param>
            <returns>The original instance of <see cref="T:Skybrud.Csv.CsvFile"/>.</returns>
        </member>
        <member name="M:Skybrud.Csv.CsvFile.Parse(System.String)">
            <summary>
            Parses the specified <paramref name="text"/> into an instance of <see cref="T:Skybrud.Csv.CsvFile"/>, using
            <see cref="F:Skybrud.Csv.CsvFile.DefaultSeparator"/> as a separator.
            </summary>
            <param name="text">The text representing the contents of the CSV file.</param>
            <returns>An instance of <see cref="T:Skybrud.Csv.CsvFile"/>.</returns>
        </member>
        <member name="M:Skybrud.Csv.CsvFile.Parse(System.String,Skybrud.Csv.CsvSeparator)">
            <summary>
            Parses the specified <paramref name="text"/> into an instance of <see cref="T:Skybrud.Csv.CsvFile"/>, using the specified
            <paramref name="separator"/>.
            </summary>
            <param name="text">The text representing the contents of the CSV file.</param>
            <param name="separator">The separator used in the CSV file.</param>
            <returns>An instance of <see cref="T:Skybrud.Csv.CsvFile"/>.</returns>
        </member>
        <member name="M:Skybrud.Csv.CsvFile.Load(System.String)">
            <summary>
            Loads the CSV file at the specified <paramref name="path"/>
            </summary>
            <param name="path">The path to the CSV file.</param>
            <returns>An instance of <see cref="T:Skybrud.Csv.CsvFile"/>.</returns>
        </member>
        <member name="M:Skybrud.Csv.CsvFile.Load(System.String,Skybrud.Csv.CsvSeparator)">
            <summary>
            Loads the CSV file at the specified <paramref name="path"/>.
            </summary>
            <param name="path">The path to the CSV file.</param>
            <param name="separator">The separator used in the CSV file.</param>
            <returns>An instance of <see cref="T:Skybrud.Csv.CsvFile"/>.</returns>
        </member>
        <member name="M:Skybrud.Csv.CsvFile.Load(System.String,System.Text.Encoding)">
            <summary>
            Loads the CSV file at the specified <paramref name="path"/>.
            </summary>
            <param name="path">The path to the CSV file.</param>
            <param name="encoding">The encoding of the CSV file.</param>
            <returns>An instance of <see cref="T:Skybrud.Csv.CsvFile"/>.</returns>
        </member>
        <member name="M:Skybrud.Csv.CsvFile.Load(System.String,Skybrud.Csv.CsvSeparator,System.Text.Encoding)">
            <summary>
            Loads the CSV file at the specified <paramref name="path"/>. 
            </summary>
            <param name="path">The path to the CSV file.</param>
            <param name="separator">The separator used in the CSV file.</param>
            <param name="encoding">The encoding of the CSV file.</param>
            <returns>An instance of <see cref="T:Skybrud.Csv.CsvFile"/>.</returns>
        </member>
        <member name="M:Skybrud.Csv.CsvFile.Load(System.IO.Stream)">
            <summary>
            Loads a new CSV file from the specified <paramref name="stream"/>.
            </summary>
            <param name="stream">The stream.</param>
            <returns>An instance of <see cref="T:Skybrud.Csv.CsvFile"/>.</returns>
        </member>
        <member name="M:Skybrud.Csv.CsvFile.Load(System.IO.Stream,Skybrud.Csv.CsvSeparator)">
            <summary>
            Loads a new CSV file from the specified <paramref name="stream"/>.
            </summary>
            <param name="stream">The stream.</param>
            <param name="separator">The separator to </param>
            <returns>An instance of <see cref="T:Skybrud.Csv.CsvFile"/>.</returns>
        </member>
        <member name="M:Skybrud.Csv.CsvFile.Load(System.IO.Stream,System.Text.Encoding)">
            <summary>
            Loads a new CSV file from the specified <paramref name="stream"/>.
            </summary>
            <param name="stream">The stream.</param>
            <param name="encoding">The encoding of the CSV file.</param>
            <returns>An instance of <see cref="T:Skybrud.Csv.CsvFile"/>.</returns>
        </member>
        <member name="M:Skybrud.Csv.CsvFile.Load(System.IO.Stream,Skybrud.Csv.CsvSeparator,System.Text.Encoding)">
            <summary>
            Loads a new CSV file from the specified <paramref name="stream"/>.
            </summary>
            <param name="stream">The stream.</param>
            <param name="separator">The separator used in the CSV file.</param>
            <param name="encoding">The encoding of the CSV file.</param>
            <returns>An instance of <see cref="T:Skybrud.Csv.CsvFile"/>.</returns>
        </member>
        <member name="M:Skybrud.Csv.CsvFile.ParseInternal(Skybrud.Csv.CsvFile,System.String,Skybrud.Csv.CsvSeparator)">
            <summary>
            Internal helper method for parsing the contents of a CSV file.
            </summary>
            <param name="file">The CSV file.</param>
            <param name="contents">The contents of the CSV file, as a string.</param>
            <param name="separator">The separator used in the CSV file.</param>
            <returns><paramref name="file"/>.</returns>
        </member>
        <member name="M:Skybrud.Csv.CsvFile.ParseLines(System.String,System.Char)">
            <summary>
            Internal helper method for parsing each line of the 
            </summary>
            <param name="contents">The contents of the CSV file.</param>
            <param name="separator">The separator used in the CSV file.</param>
            <returns>A list of <see cref="T:System.Collections.Generic.List`1"/>.</returns>
        </member>
        <member name="T:Skybrud.Csv.CsvRow">
            <summary>
            Class representing a row in an instance of <see cref="T:Skybrud.Csv.CsvFile"/>.
            </summary>
        </member>
        <member name="P:Skybrud.Csv.CsvRow.File">
            <summary>
            Gets a reference back to the parent <see cref="T:Skybrud.Csv.CsvFile"/>.
            </summary>
        </member>
        <member name="P:Skybrud.Csv.CsvRow.Index">
            <summary>
            Gets the index of the row.
            </summary>
        </member>
        <member name="P:Skybrud.Csv.CsvRow.Item(System.String)">
            <summary>
            Gets the value of the first cell matching the specified <paramref name="columnName"/>, or <c>null</c>
            if not found.
            </summary>
            <param name="columnName">The name of the column.</param>
            <returns>An instance of <see cref="T:Skybrud.Csv.CsvCell"/>, or <c>null</c> if not found.</returns>
        </member>
        <member name="P:Skybrud.Csv.CsvRow.Cells">
            <summary>
            Gets a reference to the cells of the row.
            </summary>
        </member>
        <member name="M:Skybrud.Csv.CsvRow.AddCell(System.String)">
            <summary>
            Adds a new cell with the specified <paramref name="value"/>.
            </summary>
            <param name="value">The value of the cell.</param>
            <returns>The added cell.</returns>
        </member>
        <member name="M:Skybrud.Csv.CsvRow.GetCellValue(System.Int32)">
            <summary>
            Gets the string value of the cell at the specified <paramref name="index"/>.
            </summary>
            <param name="index">The index of the cell.</param>
            <returns>The string value of the cell.</returns>
        </member>
        <member name="M:Skybrud.Csv.CsvRow.GetCellValue``1(System.Int32)">
            <summary>
            Gets the string value of the cell at the specified <paramref name="index"/>.
            </summary>
            <typeparam name="T">The type of object to return.</typeparam>
            <param name="index">The index of the cell.</param>
            <returns>The string value of the cell.</returns>
        </member>
        <member name="M:Skybrud.Csv.CsvRow.GetCellValue``1(System.Int32,System.Func{System.String,``0})">
            <summary>
            Gets the string value of the cell at the specified <paramref name="index"/>, and converts it using
            <paramref name="callback"/>.
            </summary>
            <typeparam name="T">The type of object to return.</typeparam>
            <param name="index">The index of the cell.</param>
            <param name="callback">The callback function to be used for converting the value.</param>
            <returns>An instance of <typeparamref name="T"/> representing the value of the cell.</returns>
        </member>
        <member name="M:Skybrud.Csv.CsvRow.GetCellValue(System.String)">
            <summary>
            Gets the string value of the cell with the specified <paramref name="columnName"/>. If multiple columns
            match <paramref name="columnName"/>, only the value of the first cell will be returned.
            </summary>
            <param name="columnName">The name of the cell.</param>
            <returns>The string value of the cell.</returns>
        </member>
        <member name="M:Skybrud.Csv.CsvRow.GetCellValue``1(System.String)">
            <summary>
            Gets the string value of the cell with the specified <paramref name="columnName"/>, and converts it to the
            type of <typeparamref name="T"/>.
            </summary>
            <typeparam name="T">The type of object to return.</typeparam>
            <param name="columnName">The name of the cell.</param>
            <returns>An instance of <typeparamref name="T"/> representing the value of the cell.</returns>
        </member>
        <member name="M:Skybrud.Csv.CsvRow.GetCellValue``1(System.String,System.Func{System.String,``0})">
            <summary>
            Gets the string value of the cell with the specified <paramref name="columnName"/>, and converts it using
            <paramref name="callback"/>.
            </summary>
            <typeparam name="T">The type of object to return.</typeparam>
            <param name="columnName">The name of the cell.</param>
            <param name="callback">The callback function to be used for converting the value.</param>
            <returns>An instance of <typeparamref name="T"/> representing the value of the cell.</returns>
        </member>
        <member name="M:Skybrud.Csv.CsvRow.SetCellValue(System.Int32,System.Object)">
            <summary>
            Sets the value of the cell at the specified <paramref name="index"/>.
            </summary>
            <param name="index">The index of the cell.</param>
            <param name="value">The new value of the cell.</param>
            <returns>The original instance of <see cref="T:Skybrud.Csv.CsvRow"/>.</returns>
        </member>
        <member name="M:Skybrud.Csv.CsvRow.SetCellValue(System.String,System.Object)">
            <summary>
            Set the value of the cell with the specified <paramref name="columnName"/>.
            </summary>
            <param name="columnName">The name of the column.</param>
            <param name="value">The new value of the cell.</param>
            <returns>The original instance of <see cref="T:Skybrud.Csv.CsvRow"/>.</returns>
        </member>
        <member name="T:Skybrud.Csv.CsvRowList">
            <summary>
            Class representing a list of rows in a CSV file.
            </summary>
        </member>
        <member name="P:Skybrud.Csv.CsvRowList.File">
            <summary>
            Gets a reference back to the parent <see cref="T:Skybrud.Csv.CsvFile"/>.
            </summary>
        </member>
        <member name="P:Skybrud.Csv.CsvRowList.Count">
            <summary>
            Gets the number of columns contained in the list.
            </summary>
        </member>
        <member name="P:Skybrud.Csv.CsvRowList.Length">
            <summary>
            Alias of <see cref="P:Skybrud.Csv.CsvRowList.Count"/>.
            </summary>
        </member>
        <member name="P:Skybrud.Csv.CsvRowList.Item(System.Int32)">
            <summary>
            Gets the row at the specified <paramref name="index"/>.
            </summary>
            <param name="index">The zero-based index of the row to get.</param>
            <returns>An instance of <see cref="T:Skybrud.Csv.CsvRow"/>.</returns>
        </member>
        <member name="M:Skybrud.Csv.CsvRowList.#ctor(Skybrud.Csv.CsvFile)">
            <summary>
            Initializes a new row list for the specified <paramref name="file"/>.
            </summary>
            <param name="file">The parent file of the row list.</param>
        </member>
        <member name="M:Skybrud.Csv.CsvRowList.AddRow">
            <summary>
            Adds a new row to the list.
            </summary>
            <returns>The added row.</returns>
        </member>
        <member name="M:Skybrud.Csv.CsvRowList.GetEnumerator">
            <summary>
            Returns an enumerator that iterates through the <see cref="T:Skybrud.Csv.CsvRowList"/>.
            </summary>
            <returns>A <see cref="T:System.Collections.Generic.List`1.Enumerator"/> for the <see cref="T:Skybrud.Csv.CsvRowList"/>.</returns>
        </member>
        <member name="T:Skybrud.Csv.CsvSeparator">
            <summary>
            Enum class representing the separator used in a CSV file.
            </summary>
        </member>
        <member name="F:Skybrud.Csv.CsvSeparator.Comma">
            <summary>
            Indicates that the separator is a comma.
            </summary>
        </member>
        <member name="F:Skybrud.Csv.CsvSeparator.SemiColon">
            <summary>
            Indicates that the separator is a semi colon.
            </summary>
        </member>
        <member name="F:Skybrud.Csv.CsvSeparator.Colon">
            <summary>
            Indicates that the separator is a colon.
            </summary>
        </member>
        <member name="F:Skybrud.Csv.CsvSeparator.Space">
            <summary>
            Indicates that the separator is a space.
            </summary>
        </member>
        <member name="F:Skybrud.Csv.CsvSeparator.Tab">
            <summary>
            Indicates that the separator is a tab.
            </summary>
        </member>
    </members>
</doc>
